<odoo>
    <data>
    <!-- Datos de ejemplo para Pacientes -->
    <record id="demo_paciente1" model="hospital.paciente">
      <field name="name">Mortadelo</field>
      <field name="apellidos">Mortadelez</field>
      <field name="sintomas">Cambia de apariencia en un parpadeo</field>
      <field name="foto" file="hospital/static/fotos/mortadelo.png" type="base64"></field>

      <!-- <field name="foto" file="hospital/static/fotos/mortadelo.jpg" type="base64"></field> -->

    </record>

    <record id="demo_paciente2" model="hospital.paciente">
      <field name="name">Filemon</field>
      <field name="apellidos">Filemonez</field>
      <field name="sintomas">Solo le quedan 2 pelos</field>
      <field name="foto" file="hospital/static/fotos/filemon.png" type="base64"></field>
    </record>

    <!-- Datos de ejemplo para Médicos -->
    <record id="demo_medico1" model="hospital.medico">
      <field name="name">House</field>
      <field name="apellidos">M.D.</field>
      <field name="numero_colegiado">10</field>
      <field name="foto" file="hospital/static/fotos/house.png" type="base64"></field>
    </record>

    <record id="demo_medico2" model="hospital.medico">
      <field name="name">Vilches</field>
      <field name="apellidos">Hospital Central</field>
      <field name="numero_colegiado">6</field>
      <field name="foto" file="hospital/static/fotos/vilches.png" type="base64"></field>
    </record>

    <!-- Datos de ejemplo para Citas -->
    <record id="demo_cita1" model="hospital.citas">
      <field name="paciente_id" ref="demo_paciente1"/>
      <field name="medico_id" ref="demo_medico1"/>
      <field name="diagnostico">Es un mago del disfraz</field>
    </record>
    
    <record id="demo_cita2" model="hospital.citas">
      <field name="paciente_id" ref="demo_paciente2"/>
      <field name="medico_id" ref="demo_medico2"/>
      <field name="diagnostico">Severo caso de calvicie inminente</field>
    </record>


    </data>
</odoo>
